,mut,category,db,size,count
0,E:A162I,Interserotype,0.19,1,207
1,E:A19T,DENV4,0.02,1,12
2,E:A19T,Interserotype,0.02,1,100
3,E:A88K,Interserotype,0.08,1,89
4,E:A88Q,Interserotype,1.39,1,121
5,E:D154E,DENV3,0.03,1,7
6,E:D154E,Interserotype,0.03,1,195
7,E:D203N,DENV2,0.14,1,14
8,E:D203N,Interserotype,0.14,1,22
9,E:D390S,DENV2,0.12,1,2
10,E:D390S,Interserotype,0.12,1,8
11,E:E161T,Interserotype,0.22,1,214
12,E:E180T,Interserotype,0.43,1,165
13,E:E203D,Interserotype,1.34,1,57
14,E:E203N,Interserotype,1.09,1,78
15,E:F461I,DENV4,0.03,1,8
16,E:F461I,Interserotype,0.03,1,26
17,E:G330D,Interserotype,0.22,1,220
18,E:I129A,Interserotype,0.23,1,14
19,E:I129V,DENV2,0.21,1,34
20,E:I129V,Interserotype,0.21,1,128
21,E:I139V,DENV2,0.05,1,15
22,E:I139V,DENV3,0.05,1,6
23,E:I139V,Interserotype,0.05,1,200
24,E:I162A,Interserotype,0.29,1,129
25,E:I164V,DENV2,0.01,1,14
26,E:I164V,Interserotype,0.01,1,43
27,E:I308V,DENV2,0.18,1,14
28,E:I308V,Interserotype,0.18,1,28
29,"E:I335V,E:N355T,E:P364V",Interserotype,0.18,3,224
30,E:I380V,DENV1,0.45,1,15
31,E:I380V,DENV2,0.45,1,14
32,E:I380V,Interserotype,0.45,1,126
33,E:I462V,DENV2,0.1,1,4
34,"E:I6V,E:S29G,E:F90Y,E:T176P,E:V197I,E:L475M",Interserotype,0.71,6,317
35,E:K160V,Interserotype,0.03,1,164
36,E:K93R,Interserotype,0.2,1,250
37,E:L122S,DENV4,0.03,1,11
38,E:L122S,Interserotype,0.03,1,72
39,E:L338E,Interserotype,0.43,1,10
40,E:L462I,Interserotype,0.16,1,256
41,E:N124K,Interserotype,0.1,1,150
42,E:N203E,Interserotype,0.04,1,75
43,E:N203K,Interserotype,0.08,1,98
44,"E:N385K,E:V454I",DENV3,0.12,2,8
45,"E:N385K,E:V454I",Interserotype,0.12,2,13
46,E:N390S,DENV2,0.18,1,4
47,E:N390S,Interserotype,0.18,1,81
48,E:N83K,DENV2,0.34,1,9
49,E:N83K,Interserotype,0.34,1,56
50,E:S122L,DENV4,0.07,1,11
51,E:S122L,Interserotype,0.07,1,49
52,E:S478M,Interserotype,0.43,1,16
53,E:T171S,DENV1,0.23,1,18
54,E:T171S,Interserotype,0.23,1,59
55,E:T339I,Interserotype,0.65,1,297
56,E:T478S,DENV2,0.1,1,24
57,E:T478S,DENV4,0.1,1,27
58,E:T478S,Interserotype,0.1,1,296
59,E:V114I,Interserotype,0.9,1,82
60,E:V129I,DENV2,0.01,1,29
61,E:V129I,Interserotype,0.01,1,75
62,E:V174E,Interserotype,0.46,1,15
63,E:V347A,DENV2,0.28,1,10
64,E:V347A,Interserotype,0.28,1,11
65,E:V382A,DENV2,0.04,1,12
66,E:V382A,DENV4,0.04,1,12
67,E:V382A,Interserotype,0.04,1,113
68,E:V382I,Interserotype,0.37,1,116
69,E:V454T,Interserotype,0.25,1,38
70,E:V461F,Interserotype,0.01,1,109
71,E:V462L,Interserotype,2.11,1,83
72,E:V484I,DENV2,0.39,1,14
73,E:V484I,Interserotype,0.39,1,30
74,E:V91I,DENV2,0.35,1,42
75,E:V91I,Interserotype,0.35,1,317
76,E:Y132I,Interserotype,0.12,1,100
77,"E:Y132P,E:R233Q",Interserotype,0.34,2,152
78,E:Y90F,Interserotype,0.43,1,247
