<baltic.leaf instance at 0x11286b4d0>,<baltic.leaf instance at 0x1132f0680>,7.56232729361
<baltic.leaf instance at 0x11286b4d0>,<baltic.leaf instance at 0x1140acb48>,4.80323694278
<baltic.leaf instance at 0x11286b4d0>,<baltic.leaf instance at 0x1140bf7e8>,5.66687009115
<baltic.leaf instance at 0x11286b4d0>,<baltic.leaf instance at 0x1140bff38>,7.87925131066
<baltic.leaf instance at 0x11286b4d0>,<baltic.leaf instance at 0x1140c20e0>,8.32100351331
<baltic.leaf instance at 0x11286b4d0>,<baltic.leaf instance at 0x1140cd8c0>,4.49814362773
<baltic.leaf instance at 0x11286b4d0>,<baltic.leaf instance at 0x1140cd908>,4.49964523431
<baltic.leaf instance at 0x11286b4d0>,<baltic.leaf instance at 0x1140e9b90>,4.57702364074
<baltic.leaf instance at 0x11286b4d0>,<baltic.leaf instance at 0x1140f3908>,10.2771688109
<baltic.leaf instance at 0x11286b4d0>,<baltic.leaf instance at 0x114100ab8>,8.2216238685
<baltic.leaf instance at 0x11286b4d0>,<baltic.leaf instance at 0x114108440>,8.1661019849
<baltic.leaf instance at 0x11286b4d0>,<baltic.leaf instance at 0x114108c20>,6.6882981441
<baltic.leaf instance at 0x11286b4d0>,<baltic.leaf instance at 0x11413ed88>,11.5962185788
<baltic.leaf instance at 0x11286b4d0>,<baltic.leaf instance at 0x11414df38>,8.77577123695
<baltic.leaf instance at 0x11286b4d0>,<baltic.leaf instance at 0x11415d950>,14.2428969259
<baltic.leaf instance at 0x11286b4d0>,<baltic.leaf instance at 0x11415da70>,14.6607198626
<baltic.leaf instance at 0x11286b4d0>,<baltic.leaf instance at 0x114164758>,17.595635079
<baltic.leaf instance at 0x11286b4d0>,<baltic.leaf instance at 0x11416a710>,8.75150892772
<baltic.leaf instance at 0x11286b4d0>,<baltic.leaf instance at 0x11416a758>,8.75113681874
<baltic.leaf instance at 0x11286b4d0>,<baltic.leaf instance at 0x114186c20>,13.7749751742
<baltic.leaf instance at 0x11286b4d0>,<baltic.leaf instance at 0x11418c170>,13.751555579
<baltic.leaf instance at 0x11286b4d0>,<baltic.leaf instance at 0x114197f38>,14.664050221
<baltic.leaf instance at 0x11286b4d0>,<baltic.leaf instance at 0x11419d200>,5.02957100858
<baltic.leaf instance at 0x11286b4d0>,<baltic.leaf instance at 0x1141a5758>,9.10173509387
<baltic.leaf instance at 0x11286b4d0>,<baltic.leaf instance at 0x1141b3b90>,11.8610322395
<baltic.leaf instance at 0x11286b4d0>,<baltic.leaf instance at 0x1141b3bd8>,11.8606478698
<baltic.leaf instance at 0x11286b4d0>,<baltic.leaf instance at 0x1141b68c0>,10.6863751876
<baltic.leaf instance at 0x11286b4d0>,<baltic.leaf instance at 0x1141d21b8>,13.3052595609
<baltic.leaf instance at 0x11286b4d0>,<baltic.leaf instance at 0x1141e9710>,11.6297588208
<baltic.leaf instance at 0x11286b4d0>,<baltic.leaf instance at 0x1142148c0>,8.94134011501
<baltic.leaf instance at 0x11286b4d0>,<baltic.leaf instance at 0x114221560>,13.3408119932
<baltic.leaf instance at 0x11286b4d0>,<baltic.leaf instance at 0x1142275f0>,14.5727954877
<baltic.leaf instance at 0x11286b4d0>,<baltic.leaf instance at 0x11422ad40>,10.8952896615
<baltic.leaf instance at 0x11286b4d0>,<baltic.leaf instance at 0x114237c68>,6.64399890353
<baltic.leaf instance at 0x11286b4d0>,<baltic.leaf instance at 0x11423f440>,8.51307148344
<baltic.leaf instance at 0x11286b4d0>,<baltic.leaf instance at 0x114271cf8>,9.34949683167
<baltic.leaf instance at 0x11286b4d0>,<baltic.leaf instance at 0x11428ddd0>,11.714058309
<baltic.leaf instance at 0x11286b4d0>,<baltic.leaf instance at 0x1142903b0>,11.3278687555
<baltic.leaf instance at 0x11286b4d0>,<baltic.leaf instance at 0x114290518>,11.7346025896
<baltic.leaf instance at 0x1132f0680>,<baltic.leaf instance at 0x1140acb48>,4.44577398822
<baltic.leaf instance at 0x1132f0680>,<baltic.leaf instance at 0x1140bf7e8>,6.75926020006
<baltic.leaf instance at 0x1132f0680>,<baltic.leaf instance at 0x1140bff38>,8.97164141957
<baltic.leaf instance at 0x1132f0680>,<baltic.leaf instance at 0x1140c20e0>,9.41339362222
<baltic.leaf instance at 0x1132f0680>,<baltic.leaf instance at 0x1140cd8c0>,6.36052949675
<baltic.leaf instance at 0x1132f0680>,<baltic.leaf instance at 0x1140cd908>,6.36203110333
<baltic.leaf instance at 0x1132f0680>,<baltic.leaf instance at 0x1140e9b90>,9.66495507768
<baltic.leaf instance at 0x1132f0680>,<baltic.leaf instance at 0x1140f3908>,15.3651002478
<baltic.leaf instance at 0x1132f0680>,<baltic.leaf instance at 0x114100ab8>,7.24995852288
<baltic.leaf instance at 0x1132f0680>,<baltic.leaf instance at 0x114108440>,7.19443663927
<baltic.leaf instance at 0x1132f0680>,<baltic.leaf instance at 0x114108c20>,5.71663279848
<baltic.leaf instance at 0x1132f0680>,<baltic.leaf instance at 0x11413ed88>,10.6245532332
<baltic.leaf instance at 0x1132f0680>,<baltic.leaf instance at 0x11414df38>,7.80410589133
<baltic.leaf instance at 0x1132f0680>,<baltic.leaf instance at 0x11415d950>,13.2712315802
<baltic.leaf instance at 0x1132f0680>,<baltic.leaf instance at 0x11415da70>,13.689054517
<baltic.leaf instance at 0x1132f0680>,<baltic.leaf instance at 0x114164758>,16.6239697334
<baltic.leaf instance at 0x1132f0680>,<baltic.leaf instance at 0x11416a710>,7.7798435821
<baltic.leaf instance at 0x1132f0680>,<baltic.leaf instance at 0x11416a758>,7.77947147312
<baltic.leaf instance at 0x1132f0680>,<baltic.leaf instance at 0x114186c20>,12.8033098286
<baltic.leaf instance at 0x1132f0680>,<baltic.leaf instance at 0x11418c170>,12.7798902334
<baltic.leaf instance at 0x1132f0680>,<baltic.leaf instance at 0x114197f38>,13.6923848754
<baltic.leaf instance at 0x1132f0680>,<baltic.leaf instance at 0x11419d200>,3.23519611068
<baltic.leaf instance at 0x1132f0680>,<baltic.leaf instance at 0x1141a5758>,3.02232437267
<baltic.leaf instance at 0x1132f0680>,<baltic.leaf instance at 0x1141b3b90>,9.38415852436
<baltic.leaf instance at 0x1132f0680>,<baltic.leaf instance at 0x1141b3bd8>,9.3837741547
<baltic.leaf instance at 0x1132f0680>,<baltic.leaf instance at 0x1141b68c0>,8.20950147246
<baltic.leaf instance at 0x1132f0680>,<baltic.leaf instance at 0x1141d21b8>,10.8283858457
<baltic.leaf instance at 0x1132f0680>,<baltic.leaf instance at 0x1141e9710>,9.15288510565
<baltic.leaf instance at 0x1132f0680>,<baltic.leaf instance at 0x1142148c0>,7.82465787011
<baltic.leaf instance at 0x1132f0680>,<baltic.leaf instance at 0x114221560>,12.2241297483
<baltic.leaf instance at 0x1132f0680>,<baltic.leaf instance at 0x1142275f0>,13.4561132428
<baltic.leaf instance at 0x1132f0680>,<baltic.leaf instance at 0x11422ad40>,9.77860741659
<baltic.leaf instance at 0x1132f0680>,<baltic.leaf instance at 0x114237c68>,5.52731665862
<baltic.leaf instance at 0x1132f0680>,<baltic.leaf instance at 0x11423f440>,7.39638923853
<baltic.leaf instance at 0x1132f0680>,<baltic.leaf instance at 0x114271cf8>,8.23281458676
<baltic.leaf instance at 0x1132f0680>,<baltic.leaf instance at 0x11428ddd0>,10.5973760641
<baltic.leaf instance at 0x1132f0680>,<baltic.leaf instance at 0x1142903b0>,10.2111865106
<baltic.leaf instance at 0x1132f0680>,<baltic.leaf instance at 0x114290518>,10.6179203447
<baltic.leaf instance at 0x1140acb48>,<baltic.leaf instance at 0x1140bf7e8>,4.00016984923
<baltic.leaf instance at 0x1140acb48>,<baltic.leaf instance at 0x1140bff38>,6.21255106874
<baltic.leaf instance at 0x1140acb48>,<baltic.leaf instance at 0x1140c20e0>,6.65430327139
<baltic.leaf instance at 0x1140acb48>,<baltic.leaf instance at 0x1140cd8c0>,3.60143914592
<baltic.leaf instance at 0x1140acb48>,<baltic.leaf instance at 0x1140cd908>,3.6029407525
<baltic.leaf instance at 0x1140acb48>,<baltic.leaf instance at 0x1140e9b90>,6.90586472685
<baltic.leaf instance at 0x1140acb48>,<baltic.leaf instance at 0x1140f3908>,12.606009897
<baltic.leaf instance at 0x1140acb48>,<baltic.leaf instance at 0x114100ab8>,5.1050705631
<baltic.leaf instance at 0x1140acb48>,<baltic.leaf instance at 0x114108440>,5.0495486795
<baltic.leaf instance at 0x1140acb48>,<baltic.leaf instance at 0x114108c20>,3.57174483871
<baltic.leaf instance at 0x1140acb48>,<baltic.leaf instance at 0x11413ed88>,8.47966527341
<baltic.leaf instance at 0x1140acb48>,<baltic.leaf instance at 0x11414df38>,5.65921793156
<baltic.leaf instance at 0x1140acb48>,<baltic.leaf instance at 0x11415d950>,11.1263436205
<baltic.leaf instance at 0x1140acb48>,<baltic.leaf instance at 0x11415da70>,11.5441665573
<baltic.leaf instance at 0x1140acb48>,<baltic.leaf instance at 0x114164758>,14.4790817736
<baltic.leaf instance at 0x1140acb48>,<baltic.leaf instance at 0x11416a710>,5.63495562232
<baltic.leaf instance at 0x1140acb48>,<baltic.leaf instance at 0x11416a758>,5.63458351334
<baltic.leaf instance at 0x1140acb48>,<baltic.leaf instance at 0x114186c20>,10.6584218688
<baltic.leaf instance at 0x1140acb48>,<baltic.leaf instance at 0x11418c170>,10.6350022736
<baltic.leaf instance at 0x1140acb48>,<baltic.leaf instance at 0x114197f38>,11.5474969157
<baltic.leaf instance at 0x1140acb48>,<baltic.leaf instance at 0x11419d200>,1.91301770319
<baltic.leaf instance at 0x1140acb48>,<baltic.leaf instance at 0x1141a5758>,5.98518178848
<baltic.leaf instance at 0x1140acb48>,<baltic.leaf instance at 0x1141b3b90>,8.74447893411
<baltic.leaf instance at 0x1140acb48>,<baltic.leaf instance at 0x1141b3bd8>,8.74409456445
<baltic.leaf instance at 0x1140acb48>,<baltic.leaf instance at 0x1141b68c0>,7.56982188221
<baltic.leaf instance at 0x1140acb48>,<baltic.leaf instance at 0x1141d21b8>,10.1887062555
<baltic.leaf instance at 0x1140acb48>,<baltic.leaf instance at 0x1141e9710>,8.5132055154
<baltic.leaf instance at 0x1140acb48>,<baltic.leaf instance at 0x1142148c0>,5.82478680962
<baltic.leaf instance at 0x1140acb48>,<baltic.leaf instance at 0x114221560>,10.2242586878
<baltic.leaf instance at 0x1140acb48>,<baltic.leaf instance at 0x1142275f0>,11.4562421823
<baltic.leaf instance at 0x1140acb48>,<baltic.leaf instance at 0x11422ad40>,7.7787363561
<baltic.leaf instance at 0x1140acb48>,<baltic.leaf instance at 0x114237c68>,3.52744559813
<baltic.leaf instance at 0x1140acb48>,<baltic.leaf instance at 0x11423f440>,5.39651817804
<baltic.leaf instance at 0x1140acb48>,<baltic.leaf instance at 0x114271cf8>,6.23294352628
<baltic.leaf instance at 0x1140acb48>,<baltic.leaf instance at 0x11428ddd0>,8.59750500363
<baltic.leaf instance at 0x1140acb48>,<baltic.leaf instance at 0x1142903b0>,8.21131545015
<baltic.leaf instance at 0x1140acb48>,<baltic.leaf instance at 0x114290518>,8.61804928423
<baltic.leaf instance at 0x1140bf7e8>,<baltic.leaf instance at 0x1140bff38>,3.05523239783
<baltic.leaf instance at 0x1140bf7e8>,<baltic.leaf instance at 0x1140c20e0>,3.49698460048
<baltic.leaf instance at 0x1140bf7e8>,<baltic.leaf instance at 0x1140cd8c0>,4.46507229429
<baltic.leaf instance at 0x1140bf7e8>,<baltic.leaf instance at 0x1140cd908>,4.46657390087
<baltic.leaf instance at 0x1140bf7e8>,<baltic.leaf instance at 0x1140e9b90>,7.76949787522
<baltic.leaf instance at 0x1140bf7e8>,<baltic.leaf instance at 0x1140f3908>,13.4696430454
<baltic.leaf instance at 0x1140bf7e8>,<baltic.leaf instance at 0x114100ab8>,7.41855677495
<baltic.leaf instance at 0x1140bf7e8>,<baltic.leaf instance at 0x114108440>,7.36303489134
<baltic.leaf instance at 0x1140bf7e8>,<baltic.leaf instance at 0x114108c20>,5.88523105055
<baltic.leaf instance at 0x1140bf7e8>,<baltic.leaf instance at 0x11413ed88>,10.7931514853
<baltic.leaf instance at 0x1140bf7e8>,<baltic.leaf instance at 0x11414df38>,7.9727041434
<baltic.leaf instance at 0x1140bf7e8>,<baltic.leaf instance at 0x11415d950>,13.4398298323
<baltic.leaf instance at 0x1140bf7e8>,<baltic.leaf instance at 0x11415da70>,13.8576527691
<baltic.leaf instance at 0x1140bf7e8>,<baltic.leaf instance at 0x114164758>,16.7925679855
<baltic.leaf instance at 0x1140bf7e8>,<baltic.leaf instance at 0x11416a710>,7.94844183417
<baltic.leaf instance at 0x1140bf7e8>,<baltic.leaf instance at 0x11416a758>,7.94806972519
<baltic.leaf instance at 0x1140bf7e8>,<baltic.leaf instance at 0x114186c20>,12.9719080806
<baltic.leaf instance at 0x1140bf7e8>,<baltic.leaf instance at 0x11418c170>,12.9484884854
<baltic.leaf instance at 0x1140bf7e8>,<baltic.leaf instance at 0x114197f38>,13.8609831275
<baltic.leaf instance at 0x1140bf7e8>,<baltic.leaf instance at 0x11419d200>,4.22650391503
<baltic.leaf instance at 0x1140bf7e8>,<baltic.leaf instance at 0x1141a5758>,8.29866800032
<baltic.leaf instance at 0x1140bf7e8>,<baltic.leaf instance at 0x1141b3b90>,11.0579651459
<baltic.leaf instance at 0x1140bf7e8>,<baltic.leaf instance at 0x1141b3bd8>,11.0575807763
<baltic.leaf instance at 0x1140bf7e8>,<baltic.leaf instance at 0x1141b68c0>,9.88330809405
<baltic.leaf instance at 0x1140bf7e8>,<baltic.leaf instance at 0x1141d21b8>,12.5021924673
<baltic.leaf instance at 0x1140bf7e8>,<baltic.leaf instance at 0x1141e9710>,10.8266917272
<baltic.leaf instance at 0x1140bf7e8>,<baltic.leaf instance at 0x1142148c0>,8.13827302146
<baltic.leaf instance at 0x1140bf7e8>,<baltic.leaf instance at 0x114221560>,12.5377448996
<baltic.leaf instance at 0x1140bf7e8>,<baltic.leaf instance at 0x1142275f0>,13.7697283941
<baltic.leaf instance at 0x1140bf7e8>,<baltic.leaf instance at 0x11422ad40>,10.0922225679
<baltic.leaf instance at 0x1140bf7e8>,<baltic.leaf instance at 0x114237c68>,5.84093180998
<baltic.leaf instance at 0x1140bf7e8>,<baltic.leaf instance at 0x11423f440>,7.71000438989
<baltic.leaf instance at 0x1140bf7e8>,<baltic.leaf instance at 0x114271cf8>,8.54642973812
<baltic.leaf instance at 0x1140bf7e8>,<baltic.leaf instance at 0x11428ddd0>,10.9109912155
<baltic.leaf instance at 0x1140bf7e8>,<baltic.leaf instance at 0x1142903b0>,10.524801662
<baltic.leaf instance at 0x1140bf7e8>,<baltic.leaf instance at 0x114290518>,10.9315354961
<baltic.leaf instance at 0x1140bff38>,<baltic.leaf instance at 0x1140c20e0>,1.32821059395
<baltic.leaf instance at 0x1140bff38>,<baltic.leaf instance at 0x1140cd8c0>,6.6774535138
<baltic.leaf instance at 0x1140bff38>,<baltic.leaf instance at 0x1140cd908>,6.67895512038
<baltic.leaf instance at 0x1140bff38>,<baltic.leaf instance at 0x1140e9b90>,9.98187909473
<baltic.leaf instance at 0x1140bff38>,<baltic.leaf instance at 0x1140f3908>,15.6820242649
<baltic.leaf instance at 0x1140bff38>,<baltic.leaf instance at 0x114100ab8>,9.63093799446
<baltic.leaf instance at 0x1140bff38>,<baltic.leaf instance at 0x114108440>,9.57541611086
<baltic.leaf instance at 0x1140bff38>,<baltic.leaf instance at 0x114108c20>,8.09761227006
<baltic.leaf instance at 0x1140bff38>,<baltic.leaf instance at 0x11413ed88>,13.0055327048
<baltic.leaf instance at 0x1140bff38>,<baltic.leaf instance at 0x11414df38>,10.1850853629
<baltic.leaf instance at 0x1140bff38>,<baltic.leaf instance at 0x11415d950>,15.6522110518
<baltic.leaf instance at 0x1140bff38>,<baltic.leaf instance at 0x11415da70>,16.0700339886
<baltic.leaf instance at 0x1140bff38>,<baltic.leaf instance at 0x114164758>,19.004949205
<baltic.leaf instance at 0x1140bff38>,<baltic.leaf instance at 0x11416a710>,10.1608230537
<baltic.leaf instance at 0x1140bff38>,<baltic.leaf instance at 0x11416a758>,10.1604509447
<baltic.leaf instance at 0x1140bff38>,<baltic.leaf instance at 0x114186c20>,15.1842893001
<baltic.leaf instance at 0x1140bff38>,<baltic.leaf instance at 0x11418c170>,15.1608697049
<baltic.leaf instance at 0x1140bff38>,<baltic.leaf instance at 0x114197f38>,16.073364347
<baltic.leaf instance at 0x1140bff38>,<baltic.leaf instance at 0x11419d200>,6.43888513454
<baltic.leaf instance at 0x1140bff38>,<baltic.leaf instance at 0x1141a5758>,10.5110492198
<baltic.leaf instance at 0x1140bff38>,<baltic.leaf instance at 0x1141b3b90>,13.2703463655
<baltic.leaf instance at 0x1140bff38>,<baltic.leaf instance at 0x1141b3bd8>,13.2699619958
<baltic.leaf instance at 0x1140bff38>,<baltic.leaf instance at 0x1141b68c0>,12.0956893136
<baltic.leaf instance at 0x1140bff38>,<baltic.leaf instance at 0x1141d21b8>,14.7145736868
<baltic.leaf instance at 0x1140bff38>,<baltic.leaf instance at 0x1141e9710>,13.0390729468
<baltic.leaf instance at 0x1140bff38>,<baltic.leaf instance at 0x1142148c0>,10.350654241
<baltic.leaf instance at 0x1140bff38>,<baltic.leaf instance at 0x114221560>,14.7501261192
<baltic.leaf instance at 0x1140bff38>,<baltic.leaf instance at 0x1142275f0>,15.9821096136
<baltic.leaf instance at 0x1140bff38>,<baltic.leaf instance at 0x11422ad40>,12.3046037875
<baltic.leaf instance at 0x1140bff38>,<baltic.leaf instance at 0x114237c68>,8.05331302949
<baltic.leaf instance at 0x1140bff38>,<baltic.leaf instance at 0x11423f440>,9.9223856094
<baltic.leaf instance at 0x1140bff38>,<baltic.leaf instance at 0x114271cf8>,10.7588109576
<baltic.leaf instance at 0x1140bff38>,<baltic.leaf instance at 0x11428ddd0>,13.123372435
<baltic.leaf instance at 0x1140bff38>,<baltic.leaf instance at 0x1142903b0>,12.7371828815
<baltic.leaf instance at 0x1140bff38>,<baltic.leaf instance at 0x114290518>,13.1439167156
<baltic.leaf instance at 0x1140c20e0>,<baltic.leaf instance at 0x1140cd8c0>,7.11920571645
<baltic.leaf instance at 0x1140c20e0>,<baltic.leaf instance at 0x1140cd908>,7.12070732303
<baltic.leaf instance at 0x1140c20e0>,<baltic.leaf instance at 0x1140e9b90>,10.4236312974
<baltic.leaf instance at 0x1140c20e0>,<baltic.leaf instance at 0x1140f3908>,16.1237764675
<baltic.leaf instance at 0x1140c20e0>,<baltic.leaf instance at 0x114100ab8>,10.0726901971
<baltic.leaf instance at 0x1140c20e0>,<baltic.leaf instance at 0x114108440>,10.0171683135
<baltic.leaf instance at 0x1140c20e0>,<baltic.leaf instance at 0x114108c20>,8.53936447271
<baltic.leaf instance at 0x1140c20e0>,<baltic.leaf instance at 0x11413ed88>,13.4472849074
<baltic.leaf instance at 0x1140c20e0>,<baltic.leaf instance at 0x11414df38>,10.6268375656
<baltic.leaf instance at 0x1140c20e0>,<baltic.leaf instance at 0x11415d950>,16.0939632545
<baltic.leaf instance at 0x1140c20e0>,<baltic.leaf instance at 0x11415da70>,16.5117861913
<baltic.leaf instance at 0x1140c20e0>,<baltic.leaf instance at 0x114164758>,19.4467014076
<baltic.leaf instance at 0x1140c20e0>,<baltic.leaf instance at 0x11416a710>,10.6025752563
<baltic.leaf instance at 0x1140c20e0>,<baltic.leaf instance at 0x11416a758>,10.6022031473
<baltic.leaf instance at 0x1140c20e0>,<baltic.leaf instance at 0x114186c20>,15.6260415028
<baltic.leaf instance at 0x1140c20e0>,<baltic.leaf instance at 0x11418c170>,15.6026219076
<baltic.leaf instance at 0x1140c20e0>,<baltic.leaf instance at 0x114197f38>,16.5151165497
<baltic.leaf instance at 0x1140c20e0>,<baltic.leaf instance at 0x11419d200>,6.88063733719
<baltic.leaf instance at 0x1140c20e0>,<baltic.leaf instance at 0x1141a5758>,10.9528014225
<baltic.leaf instance at 0x1140c20e0>,<baltic.leaf instance at 0x1141b3b90>,13.7120985681
<baltic.leaf instance at 0x1140c20e0>,<baltic.leaf instance at 0x1141b3bd8>,13.7117141985
<baltic.leaf instance at 0x1140c20e0>,<baltic.leaf instance at 0x1141b68c0>,12.5374415162
<baltic.leaf instance at 0x1140c20e0>,<baltic.leaf instance at 0x1141d21b8>,15.1563258895
<baltic.leaf instance at 0x1140c20e0>,<baltic.leaf instance at 0x1141e9710>,13.4808251494
<baltic.leaf instance at 0x1140c20e0>,<baltic.leaf instance at 0x1142148c0>,10.7924064436
<baltic.leaf instance at 0x1140c20e0>,<baltic.leaf instance at 0x114221560>,15.1918783218
<baltic.leaf instance at 0x1140c20e0>,<baltic.leaf instance at 0x1142275f0>,16.4238618163
<baltic.leaf instance at 0x1140c20e0>,<baltic.leaf instance at 0x11422ad40>,12.7463559901
<baltic.leaf instance at 0x1140c20e0>,<baltic.leaf instance at 0x114237c68>,8.49506523214
<baltic.leaf instance at 0x1140c20e0>,<baltic.leaf instance at 0x11423f440>,10.364137812
<baltic.leaf instance at 0x1140c20e0>,<baltic.leaf instance at 0x114271cf8>,11.2005631603
<baltic.leaf instance at 0x1140c20e0>,<baltic.leaf instance at 0x11428ddd0>,13.5651246376
<baltic.leaf instance at 0x1140c20e0>,<baltic.leaf instance at 0x1142903b0>,13.1789350842
<baltic.leaf instance at 0x1140c20e0>,<baltic.leaf instance at 0x114290518>,13.5856689182
<baltic.leaf instance at 0x1140cd8c0>,<baltic.leaf instance at 0x1140cd908>,0.836226037804
<baltic.leaf instance at 0x1140cd8c0>,<baltic.leaf instance at 0x1140e9b90>,6.6007714118
<baltic.leaf instance at 0x1140cd8c0>,<baltic.leaf instance at 0x1140f3908>,12.3009165819
<baltic.leaf instance at 0x1140cd8c0>,<baltic.leaf instance at 0x114100ab8>,7.01982607164
<baltic.leaf instance at 0x1140cd8c0>,<baltic.leaf instance at 0x114108440>,6.96430418804
<baltic.leaf instance at 0x1140cd8c0>,<baltic.leaf instance at 0x114108c20>,5.48650034724
<baltic.leaf instance at 0x1140cd8c0>,<baltic.leaf instance at 0x11413ed88>,10.3944207819
<baltic.leaf instance at 0x1140cd8c0>,<baltic.leaf instance at 0x11414df38>,7.57397344009
<baltic.leaf instance at 0x1140cd8c0>,<baltic.leaf instance at 0x11415d950>,13.041099129
<baltic.leaf instance at 0x1140cd8c0>,<baltic.leaf instance at 0x11415da70>,13.4589220658
<baltic.leaf instance at 0x1140cd8c0>,<baltic.leaf instance at 0x114164758>,16.3938372822
<baltic.leaf instance at 0x1140cd8c0>,<baltic.leaf instance at 0x11416a710>,7.54971113086
<baltic.leaf instance at 0x1140cd8c0>,<baltic.leaf instance at 0x11416a758>,7.54933902188
<baltic.leaf instance at 0x1140cd8c0>,<baltic.leaf instance at 0x114186c20>,12.5731773773
<baltic.leaf instance at 0x1140cd8c0>,<baltic.leaf instance at 0x11418c170>,12.5497577821
<baltic.leaf instance at 0x1140cd8c0>,<baltic.leaf instance at 0x114197f38>,13.4622524242
<baltic.leaf instance at 0x1140cd8c0>,<baltic.leaf instance at 0x11419d200>,3.82777321172
<baltic.leaf instance at 0x1140cd8c0>,<baltic.leaf instance at 0x1141a5758>,7.89993729701
<baltic.leaf instance at 0x1140cd8c0>,<baltic.leaf instance at 0x1141b3b90>,10.6592344426
<baltic.leaf instance at 0x1140cd8c0>,<baltic.leaf instance at 0x1141b3bd8>,10.658850073
<baltic.leaf instance at 0x1140cd8c0>,<baltic.leaf instance at 0x1141b68c0>,9.48457739074
<baltic.leaf instance at 0x1140cd8c0>,<baltic.leaf instance at 0x1141d21b8>,12.103461764
<baltic.leaf instance at 0x1140cd8c0>,<baltic.leaf instance at 0x1141e9710>,10.4279610239
<baltic.leaf instance at 0x1140cd8c0>,<baltic.leaf instance at 0x1142148c0>,7.73954231815
<baltic.leaf instance at 0x1140cd8c0>,<baltic.leaf instance at 0x114221560>,12.1390141963
<baltic.leaf instance at 0x1140cd8c0>,<baltic.leaf instance at 0x1142275f0>,13.3709976908
<baltic.leaf instance at 0x1140cd8c0>,<baltic.leaf instance at 0x11422ad40>,9.69349186464
<baltic.leaf instance at 0x1140cd8c0>,<baltic.leaf instance at 0x114237c68>,5.44220110667
<baltic.leaf instance at 0x1140cd8c0>,<baltic.leaf instance at 0x11423f440>,7.31127368658
<baltic.leaf instance at 0x1140cd8c0>,<baltic.leaf instance at 0x114271cf8>,8.14769903481
<baltic.leaf instance at 0x1140cd8c0>,<baltic.leaf instance at 0x11428ddd0>,10.5122605122
<baltic.leaf instance at 0x1140cd8c0>,<baltic.leaf instance at 0x1142903b0>,10.1260709587
<baltic.leaf instance at 0x1140cd8c0>,<baltic.leaf instance at 0x114290518>,10.5328047928
<baltic.leaf instance at 0x1140cd908>,<baltic.leaf instance at 0x1140e9b90>,6.60227301838
<baltic.leaf instance at 0x1140cd908>,<baltic.leaf instance at 0x1140f3908>,12.3024181885
<baltic.leaf instance at 0x1140cd908>,<baltic.leaf instance at 0x114100ab8>,7.02132767822
<baltic.leaf instance at 0x1140cd908>,<baltic.leaf instance at 0x114108440>,6.96580579461
<baltic.leaf instance at 0x1140cd908>,<baltic.leaf instance at 0x114108c20>,5.48800195382
<baltic.leaf instance at 0x1140cd908>,<baltic.leaf instance at 0x11413ed88>,10.3959223885
<baltic.leaf instance at 0x1140cd908>,<baltic.leaf instance at 0x11414df38>,7.57547504667
<baltic.leaf instance at 0x1140cd908>,<baltic.leaf instance at 0x11415d950>,13.0426007356
<baltic.leaf instance at 0x1140cd908>,<baltic.leaf instance at 0x11415da70>,13.4604236724
<baltic.leaf instance at 0x1140cd908>,<baltic.leaf instance at 0x114164758>,16.3953388887
<baltic.leaf instance at 0x1140cd908>,<baltic.leaf instance at 0x11416a710>,7.55121273744
<baltic.leaf instance at 0x1140cd908>,<baltic.leaf instance at 0x11416a758>,7.55084062846
<baltic.leaf instance at 0x1140cd908>,<baltic.leaf instance at 0x114186c20>,12.5746789839
<baltic.leaf instance at 0x1140cd908>,<baltic.leaf instance at 0x11418c170>,12.5512593887
<baltic.leaf instance at 0x1140cd908>,<baltic.leaf instance at 0x114197f38>,13.4637540308
<baltic.leaf instance at 0x1140cd908>,<baltic.leaf instance at 0x11419d200>,3.8292748183
<baltic.leaf instance at 0x1140cd908>,<baltic.leaf instance at 0x1141a5758>,7.90143890359
<baltic.leaf instance at 0x1140cd908>,<baltic.leaf instance at 0x1141b3b90>,10.6607360492
<baltic.leaf instance at 0x1140cd908>,<baltic.leaf instance at 0x1141b3bd8>,10.6603516796
<baltic.leaf instance at 0x1140cd908>,<baltic.leaf instance at 0x1141b68c0>,9.48607899732
<baltic.leaf instance at 0x1140cd908>,<baltic.leaf instance at 0x1141d21b8>,12.1049633706
<baltic.leaf instance at 0x1140cd908>,<baltic.leaf instance at 0x1141e9710>,10.4294626305
<baltic.leaf instance at 0x1140cd908>,<baltic.leaf instance at 0x1142148c0>,7.74104392473
<baltic.leaf instance at 0x1140cd908>,<baltic.leaf instance at 0x114221560>,12.1405158029
<baltic.leaf instance at 0x1140cd908>,<baltic.leaf instance at 0x1142275f0>,13.3724992974
<baltic.leaf instance at 0x1140cd908>,<baltic.leaf instance at 0x11422ad40>,9.69499347121
<baltic.leaf instance at 0x1140cd908>,<baltic.leaf instance at 0x114237c68>,5.44370271325
<baltic.leaf instance at 0x1140cd908>,<baltic.leaf instance at 0x11423f440>,7.31277529316
<baltic.leaf instance at 0x1140cd908>,<baltic.leaf instance at 0x114271cf8>,8.14920064139
<baltic.leaf instance at 0x1140cd908>,<baltic.leaf instance at 0x11428ddd0>,10.5137621187
<baltic.leaf instance at 0x1140cd908>,<baltic.leaf instance at 0x1142903b0>,10.1275725653
<baltic.leaf instance at 0x1140cd908>,<baltic.leaf instance at 0x114290518>,10.5343063993
<baltic.leaf instance at 0x1140e9b90>,<baltic.leaf instance at 0x1140f3908>,7.38997684726
<baltic.leaf instance at 0x1140e9b90>,<baltic.leaf instance at 0x114100ab8>,10.3242516526
<baltic.leaf instance at 0x1140e9b90>,<baltic.leaf instance at 0x114108440>,10.268729769
<baltic.leaf instance at 0x1140e9b90>,<baltic.leaf instance at 0x114108c20>,8.79092592817
<baltic.leaf instance at 0x1140e9b90>,<baltic.leaf instance at 0x11413ed88>,13.6988463629
<baltic.leaf instance at 0x1140e9b90>,<baltic.leaf instance at 0x11414df38>,10.878399021
<baltic.leaf instance at 0x1140e9b90>,<baltic.leaf instance at 0x11415d950>,16.3455247099
<baltic.leaf instance at 0x1140e9b90>,<baltic.leaf instance at 0x11415da70>,16.7633476467
<baltic.leaf instance at 0x1140e9b90>,<baltic.leaf instance at 0x114164758>,19.6982628631
<baltic.leaf instance at 0x1140e9b90>,<baltic.leaf instance at 0x11416a710>,10.8541367118
<baltic.leaf instance at 0x1140e9b90>,<baltic.leaf instance at 0x11416a758>,10.8537646028
<baltic.leaf instance at 0x1140e9b90>,<baltic.leaf instance at 0x114186c20>,15.8776029583
<baltic.leaf instance at 0x1140e9b90>,<baltic.leaf instance at 0x11418c170>,15.8541833631
<baltic.leaf instance at 0x1140e9b90>,<baltic.leaf instance at 0x114197f38>,16.7666780051
<baltic.leaf instance at 0x1140e9b90>,<baltic.leaf instance at 0x11419d200>,7.13219879266
<baltic.leaf instance at 0x1140e9b90>,<baltic.leaf instance at 0x1141a5758>,11.2043628779
<baltic.leaf instance at 0x1140e9b90>,<baltic.leaf instance at 0x1141b3b90>,13.9636600236
<baltic.leaf instance at 0x1140e9b90>,<baltic.leaf instance at 0x1141b3bd8>,13.9632756539
<baltic.leaf instance at 0x1140e9b90>,<baltic.leaf instance at 0x1141b68c0>,12.7890029717
<baltic.leaf instance at 0x1140e9b90>,<baltic.leaf instance at 0x1141d21b8>,15.4078873449
<baltic.leaf instance at 0x1140e9b90>,<baltic.leaf instance at 0x1141e9710>,13.7323866049
<baltic.leaf instance at 0x1140e9b90>,<baltic.leaf instance at 0x1142148c0>,11.0439678991
<baltic.leaf instance at 0x1140e9b90>,<baltic.leaf instance at 0x114221560>,15.4434397773
<baltic.leaf instance at 0x1140e9b90>,<baltic.leaf instance at 0x1142275f0>,16.6754232718
<baltic.leaf instance at 0x1140e9b90>,<baltic.leaf instance at 0x11422ad40>,12.9979174456
<baltic.leaf instance at 0x1140e9b90>,<baltic.leaf instance at 0x114237c68>,8.7466266876
<baltic.leaf instance at 0x1140e9b90>,<baltic.leaf instance at 0x11423f440>,10.6156992675
<baltic.leaf instance at 0x1140e9b90>,<baltic.leaf instance at 0x114271cf8>,11.4521246157
<baltic.leaf instance at 0x1140e9b90>,<baltic.leaf instance at 0x11428ddd0>,13.8166860931
<baltic.leaf instance at 0x1140e9b90>,<baltic.leaf instance at 0x1142903b0>,13.4304965396
<baltic.leaf instance at 0x1140e9b90>,<baltic.leaf instance at 0x114290518>,13.8372303737
<baltic.leaf instance at 0x1140f3908>,<baltic.leaf instance at 0x114100ab8>,16.0243968227
<baltic.leaf instance at 0x1140f3908>,<baltic.leaf instance at 0x114108440>,15.9688749391
<baltic.leaf instance at 0x1140f3908>,<baltic.leaf instance at 0x114108c20>,14.4910710983
<baltic.leaf instance at 0x1140f3908>,<baltic.leaf instance at 0x11413ed88>,19.398991533
<baltic.leaf instance at 0x1140f3908>,<baltic.leaf instance at 0x11414df38>,16.5785441912
<baltic.leaf instance at 0x1140f3908>,<baltic.leaf instance at 0x11415d950>,22.0456698801
<baltic.leaf instance at 0x1140f3908>,<baltic.leaf instance at 0x11415da70>,22.4634928168
<baltic.leaf instance at 0x1140f3908>,<baltic.leaf instance at 0x114164758>,25.3984080332
<baltic.leaf instance at 0x1140f3908>,<baltic.leaf instance at 0x11416a710>,16.5542818819
<baltic.leaf instance at 0x1140f3908>,<baltic.leaf instance at 0x11416a758>,16.5539097729
<baltic.leaf instance at 0x1140f3908>,<baltic.leaf instance at 0x114186c20>,21.5777481284
<baltic.leaf instance at 0x1140f3908>,<baltic.leaf instance at 0x11418c170>,21.5543285332
<baltic.leaf instance at 0x1140f3908>,<baltic.leaf instance at 0x114197f38>,22.4668231752
<baltic.leaf instance at 0x1140f3908>,<baltic.leaf instance at 0x11419d200>,12.8323439628
<baltic.leaf instance at 0x1140f3908>,<baltic.leaf instance at 0x1141a5758>,16.9045080481
<baltic.leaf instance at 0x1140f3908>,<baltic.leaf instance at 0x1141b3b90>,19.6638051937
<baltic.leaf instance at 0x1140f3908>,<baltic.leaf instance at 0x1141b3bd8>,19.663420824
<baltic.leaf instance at 0x1140f3908>,<baltic.leaf instance at 0x1141b68c0>,18.4891481418
<baltic.leaf instance at 0x1140f3908>,<baltic.leaf instance at 0x1141d21b8>,21.1080325151
<baltic.leaf instance at 0x1140f3908>,<baltic.leaf instance at 0x1141e9710>,19.432531775
<baltic.leaf instance at 0x1140f3908>,<baltic.leaf instance at 0x1142148c0>,16.7441130692
<baltic.leaf instance at 0x1140f3908>,<baltic.leaf instance at 0x114221560>,21.1435849474
<baltic.leaf instance at 0x1140f3908>,<baltic.leaf instance at 0x1142275f0>,22.3755684419
<baltic.leaf instance at 0x1140f3908>,<baltic.leaf instance at 0x11422ad40>,18.6980626157
<baltic.leaf instance at 0x1140f3908>,<baltic.leaf instance at 0x114237c68>,14.4467718577
<baltic.leaf instance at 0x1140f3908>,<baltic.leaf instance at 0x11423f440>,16.3158444376
<baltic.leaf instance at 0x1140f3908>,<baltic.leaf instance at 0x114271cf8>,17.1522697859
<baltic.leaf instance at 0x1140f3908>,<baltic.leaf instance at 0x11428ddd0>,19.5168312632
<baltic.leaf instance at 0x1140f3908>,<baltic.leaf instance at 0x1142903b0>,19.1306417097
<baltic.leaf instance at 0x1140f3908>,<baltic.leaf instance at 0x114290518>,19.5373755438
<baltic.leaf instance at 0x114100ab8>,<baltic.leaf instance at 0x114108440>,5.34838956331
<baltic.leaf instance at 0x114100ab8>,<baltic.leaf instance at 0x114108c20>,5.31498997531
<baltic.leaf instance at 0x114100ab8>,<baltic.leaf instance at 0x11413ed88>,10.22291041
<baltic.leaf instance at 0x114100ab8>,<baltic.leaf instance at 0x11414df38>,7.40246306816
<baltic.leaf instance at 0x114100ab8>,<baltic.leaf instance at 0x11415d950>,12.8695887571
<baltic.leaf instance at 0x114100ab8>,<baltic.leaf instance at 0x11415da70>,13.2874116939
<baltic.leaf instance at 0x114100ab8>,<baltic.leaf instance at 0x114164758>,16.2223269102
<baltic.leaf instance at 0x114100ab8>,<baltic.leaf instance at 0x11416a710>,7.37820075892
<baltic.leaf instance at 0x114100ab8>,<baltic.leaf instance at 0x11416a758>,7.37782864994
<baltic.leaf instance at 0x114100ab8>,<baltic.leaf instance at 0x114186c20>,12.4016670054
<baltic.leaf instance at 0x114100ab8>,<baltic.leaf instance at 0x11418c170>,12.3782474102
<baltic.leaf instance at 0x114100ab8>,<baltic.leaf instance at 0x114197f38>,13.2907420523
<baltic.leaf instance at 0x114100ab8>,<baltic.leaf instance at 0x11419d200>,4.71720223785
<baltic.leaf instance at 0x114100ab8>,<baltic.leaf instance at 0x1141a5758>,8.78936632314
<baltic.leaf instance at 0x114100ab8>,<baltic.leaf instance at 0x1141b3b90>,11.5486634688
<baltic.leaf instance at 0x114100ab8>,<baltic.leaf instance at 0x1141b3bd8>,11.5482790991
<baltic.leaf instance at 0x114100ab8>,<baltic.leaf instance at 0x1141b68c0>,10.3740064169
<baltic.leaf instance at 0x114100ab8>,<baltic.leaf instance at 0x1141d21b8>,12.9928907901
<baltic.leaf instance at 0x114100ab8>,<baltic.leaf instance at 0x1141e9710>,11.3173900501
<baltic.leaf instance at 0x114100ab8>,<baltic.leaf instance at 0x1142148c0>,8.62897134428
<baltic.leaf instance at 0x114100ab8>,<baltic.leaf instance at 0x114221560>,13.0284432225
<baltic.leaf instance at 0x114100ab8>,<baltic.leaf instance at 0x1142275f0>,14.2604267169
<baltic.leaf instance at 0x114100ab8>,<baltic.leaf instance at 0x11422ad40>,10.5829208908
<baltic.leaf instance at 0x114100ab8>,<baltic.leaf instance at 0x114237c68>,6.33163013279
<baltic.leaf instance at 0x114100ab8>,<baltic.leaf instance at 0x11423f440>,8.2007027127
<baltic.leaf instance at 0x114100ab8>,<baltic.leaf instance at 0x114271cf8>,9.03712806093
<baltic.leaf instance at 0x114100ab8>,<baltic.leaf instance at 0x11428ddd0>,11.4016895383
<baltic.leaf instance at 0x114100ab8>,<baltic.leaf instance at 0x1142903b0>,11.0154999848
<baltic.leaf instance at 0x114100ab8>,<baltic.leaf instance at 0x114290518>,11.4222338189
<baltic.leaf instance at 0x114108440>,<baltic.leaf instance at 0x114108c20>,5.2594680917
<baltic.leaf instance at 0x114108440>,<baltic.leaf instance at 0x11413ed88>,10.1673885264
<baltic.leaf instance at 0x114108440>,<baltic.leaf instance at 0x11414df38>,7.34694118456
<baltic.leaf instance at 0x114108440>,<baltic.leaf instance at 0x11415d950>,12.8140668735
<baltic.leaf instance at 0x114108440>,<baltic.leaf instance at 0x11415da70>,13.2318898103
<baltic.leaf instance at 0x114108440>,<baltic.leaf instance at 0x114164758>,16.1668050266
<baltic.leaf instance at 0x114108440>,<baltic.leaf instance at 0x11416a710>,7.32267887532
<baltic.leaf instance at 0x114108440>,<baltic.leaf instance at 0x11416a758>,7.32230676634
<baltic.leaf instance at 0x114108440>,<baltic.leaf instance at 0x114186c20>,12.3461451218
<baltic.leaf instance at 0x114108440>,<baltic.leaf instance at 0x11418c170>,12.3227255266
<baltic.leaf instance at 0x114108440>,<baltic.leaf instance at 0x114197f38>,13.2352201686
<baltic.leaf instance at 0x114108440>,<baltic.leaf instance at 0x11419d200>,4.66168035425
<baltic.leaf instance at 0x114108440>,<baltic.leaf instance at 0x1141a5758>,8.73384443953
<baltic.leaf instance at 0x114108440>,<baltic.leaf instance at 0x1141b3b90>,11.4931415852
<baltic.leaf instance at 0x114108440>,<baltic.leaf instance at 0x1141b3bd8>,11.4927572155
<baltic.leaf instance at 0x114108440>,<baltic.leaf instance at 0x1141b68c0>,10.3184845333
<baltic.leaf instance at 0x114108440>,<baltic.leaf instance at 0x1141d21b8>,12.9373689065
<baltic.leaf instance at 0x114108440>,<baltic.leaf instance at 0x1141e9710>,11.2618681665
<baltic.leaf instance at 0x114108440>,<baltic.leaf instance at 0x1142148c0>,8.57344946067
<baltic.leaf instance at 0x114108440>,<baltic.leaf instance at 0x114221560>,12.9729213389
<baltic.leaf instance at 0x114108440>,<baltic.leaf instance at 0x1142275f0>,14.2049048333
<baltic.leaf instance at 0x114108440>,<baltic.leaf instance at 0x11422ad40>,10.5273990072
<baltic.leaf instance at 0x114108440>,<baltic.leaf instance at 0x114237c68>,6.27610824919
<baltic.leaf instance at 0x114108440>,<baltic.leaf instance at 0x11423f440>,8.1451808291
<baltic.leaf instance at 0x114108440>,<baltic.leaf instance at 0x114271cf8>,8.98160617733
<baltic.leaf instance at 0x114108440>,<baltic.leaf instance at 0x11428ddd0>,11.3461676547
<baltic.leaf instance at 0x114108440>,<baltic.leaf instance at 0x1142903b0>,10.9599781012
<baltic.leaf instance at 0x114108440>,<baltic.leaf instance at 0x114290518>,11.3667119353
<baltic.leaf instance at 0x114108c20>,<baltic.leaf instance at 0x11413ed88>,7.25976354708
<baltic.leaf instance at 0x114108c20>,<baltic.leaf instance at 0x11414df38>,5.1820915893
<baltic.leaf instance at 0x114108c20>,<baltic.leaf instance at 0x11415d950>,10.6492172782
<baltic.leaf instance at 0x114108c20>,<baltic.leaf instance at 0x11415da70>,11.067040215
<baltic.leaf instance at 0x114108c20>,<baltic.leaf instance at 0x114164758>,14.0019554314
<baltic.leaf instance at 0x114108c20>,<baltic.leaf instance at 0x11416a710>,5.15782928006
<baltic.leaf instance at 0x114108c20>,<baltic.leaf instance at 0x11416a758>,5.15745717108
<baltic.leaf instance at 0x114108c20>,<baltic.leaf instance at 0x114186c20>,10.1812955265
<baltic.leaf instance at 0x114108c20>,<baltic.leaf instance at 0x11418c170>,10.1578759313
<baltic.leaf instance at 0x114108c20>,<baltic.leaf instance at 0x114197f38>,11.0703705734
<baltic.leaf instance at 0x114108c20>,<baltic.leaf instance at 0x11419d200>,3.18387651345
<baltic.leaf instance at 0x114108c20>,<baltic.leaf instance at 0x1141a5758>,7.25604059874
<baltic.leaf instance at 0x114108c20>,<baltic.leaf instance at 0x1141b3b90>,10.0153377444
<baltic.leaf instance at 0x114108c20>,<baltic.leaf instance at 0x1141b3bd8>,10.0149533747
<baltic.leaf instance at 0x114108c20>,<baltic.leaf instance at 0x1141b68c0>,8.84068069247
<baltic.leaf instance at 0x114108c20>,<baltic.leaf instance at 0x1141d21b8>,11.4595650657
<baltic.leaf instance at 0x114108c20>,<baltic.leaf instance at 0x1141e9710>,9.78406432567
<baltic.leaf instance at 0x114108c20>,<baltic.leaf instance at 0x1142148c0>,7.09564561988
<baltic.leaf instance at 0x114108c20>,<baltic.leaf instance at 0x114221560>,11.4951174981
<baltic.leaf instance at 0x114108c20>,<baltic.leaf instance at 0x1142275f0>,12.7271009926
<baltic.leaf instance at 0x114108c20>,<baltic.leaf instance at 0x11422ad40>,9.04959516637
<baltic.leaf instance at 0x114108c20>,<baltic.leaf instance at 0x114237c68>,4.7983044084
<baltic.leaf instance at 0x114108c20>,<baltic.leaf instance at 0x11423f440>,6.66737698831
<baltic.leaf instance at 0x114108c20>,<baltic.leaf instance at 0x114271cf8>,7.50380233654
<baltic.leaf instance at 0x114108c20>,<baltic.leaf instance at 0x11428ddd0>,9.8683638139
<baltic.leaf instance at 0x114108c20>,<baltic.leaf instance at 0x1142903b0>,9.48217426041
<baltic.leaf instance at 0x114108c20>,<baltic.leaf instance at 0x114290518>,9.88890809449
<baltic.leaf instance at 0x11413ed88>,<baltic.leaf instance at 0x11414df38>,10.090012024
<baltic.leaf instance at 0x11413ed88>,<baltic.leaf instance at 0x11415d950>,15.5571377129
<baltic.leaf instance at 0x11413ed88>,<baltic.leaf instance at 0x11415da70>,15.9749606497
<baltic.leaf instance at 0x11413ed88>,<baltic.leaf instance at 0x114164758>,18.9098758661
<baltic.leaf instance at 0x11413ed88>,<baltic.leaf instance at 0x11416a710>,10.0657497148
<baltic.leaf instance at 0x11413ed88>,<baltic.leaf instance at 0x11416a758>,10.0653776058
<baltic.leaf instance at 0x11413ed88>,<baltic.leaf instance at 0x114186c20>,15.0892159612
<baltic.leaf instance at 0x11413ed88>,<baltic.leaf instance at 0x11418c170>,15.065796366
<baltic.leaf instance at 0x11413ed88>,<baltic.leaf instance at 0x114197f38>,15.9782910081
<baltic.leaf instance at 0x11413ed88>,<baltic.leaf instance at 0x11419d200>,8.09179694816
<baltic.leaf instance at 0x11413ed88>,<baltic.leaf instance at 0x1141a5758>,12.1639610334
<baltic.leaf instance at 0x11413ed88>,<baltic.leaf instance at 0x1141b3b90>,14.9232581791
<baltic.leaf instance at 0x11413ed88>,<baltic.leaf instance at 0x1141b3bd8>,14.9228738094
<baltic.leaf instance at 0x11413ed88>,<baltic.leaf instance at 0x1141b68c0>,13.7486011272
<baltic.leaf instance at 0x11413ed88>,<baltic.leaf instance at 0x1141d21b8>,16.3674855004
<baltic.leaf instance at 0x11413ed88>,<baltic.leaf instance at 0x1141e9710>,14.6919847604
<baltic.leaf instance at 0x11413ed88>,<baltic.leaf instance at 0x1142148c0>,12.0035660546
<baltic.leaf instance at 0x11413ed88>,<baltic.leaf instance at 0x114221560>,16.4030379328
<baltic.leaf instance at 0x11413ed88>,<baltic.leaf instance at 0x1142275f0>,17.6350214273
<baltic.leaf instance at 0x11413ed88>,<baltic.leaf instance at 0x11422ad40>,13.9575156011
<baltic.leaf instance at 0x11413ed88>,<baltic.leaf instance at 0x114237c68>,9.7062248431
<baltic.leaf instance at 0x11413ed88>,<baltic.leaf instance at 0x11423f440>,11.575297423
<baltic.leaf instance at 0x11413ed88>,<baltic.leaf instance at 0x114271cf8>,12.4117227712
<baltic.leaf instance at 0x11413ed88>,<baltic.leaf instance at 0x11428ddd0>,14.7762842486
<baltic.leaf instance at 0x11413ed88>,<baltic.leaf instance at 0x1142903b0>,14.3900946951
<baltic.leaf instance at 0x11413ed88>,<baltic.leaf instance at 0x114290518>,14.7968285292
<baltic.leaf instance at 0x11414df38>,<baltic.leaf instance at 0x11415d950>,11.3235258183
<baltic.leaf instance at 0x11414df38>,<baltic.leaf instance at 0x11415da70>,11.7413487551
<baltic.leaf instance at 0x11414df38>,<baltic.leaf instance at 0x114164758>,14.6762639714
<baltic.leaf instance at 0x11414df38>,<baltic.leaf instance at 0x11416a710>,6.54339544775
<baltic.leaf instance at 0x11414df38>,<baltic.leaf instance at 0x11416a758>,6.54302333877
<baltic.leaf instance at 0x11414df38>,<baltic.leaf instance at 0x114186c20>,11.5668616942
<baltic.leaf instance at 0x11414df38>,<baltic.leaf instance at 0x11418c170>,11.543442099
<baltic.leaf instance at 0x11414df38>,<baltic.leaf instance at 0x114197f38>,12.4559367411
<baltic.leaf instance at 0x11414df38>,<baltic.leaf instance at 0x11419d200>,5.2713496063
<baltic.leaf instance at 0x11414df38>,<baltic.leaf instance at 0x1141a5758>,9.34351369159
<baltic.leaf instance at 0x11414df38>,<baltic.leaf instance at 0x1141b3b90>,12.1028108372
<baltic.leaf instance at 0x11414df38>,<baltic.leaf instance at 0x1141b3bd8>,12.1024264676
<baltic.leaf instance at 0x11414df38>,<baltic.leaf instance at 0x1141b68c0>,10.9281537853
<baltic.leaf instance at 0x11414df38>,<baltic.leaf instance at 0x1141d21b8>,13.5470381586
<baltic.leaf instance at 0x11414df38>,<baltic.leaf instance at 0x1141e9710>,11.8715374185
<baltic.leaf instance at 0x11414df38>,<baltic.leaf instance at 0x1142148c0>,9.18311871273
<baltic.leaf instance at 0x11414df38>,<baltic.leaf instance at 0x114221560>,13.5825905909
<baltic.leaf instance at 0x11414df38>,<baltic.leaf instance at 0x1142275f0>,14.8145740854
<baltic.leaf instance at 0x11414df38>,<baltic.leaf instance at 0x11422ad40>,11.1370682592
<baltic.leaf instance at 0x11414df38>,<baltic.leaf instance at 0x114237c68>,6.88577750125
<baltic.leaf instance at 0x11414df38>,<baltic.leaf instance at 0x11423f440>,8.75485008116
<baltic.leaf instance at 0x11414df38>,<baltic.leaf instance at 0x114271cf8>,9.59127542939
<baltic.leaf instance at 0x11414df38>,<baltic.leaf instance at 0x11428ddd0>,11.9558369067
<baltic.leaf instance at 0x11414df38>,<baltic.leaf instance at 0x1142903b0>,11.5696473533
<baltic.leaf instance at 0x11414df38>,<baltic.leaf instance at 0x114290518>,11.9763811873
<baltic.leaf instance at 0x11415d950>,<baltic.leaf instance at 0x11415da70>,1.27814377987
<baltic.leaf instance at 0x11415d950>,<baltic.leaf instance at 0x114164758>,4.21305899624
<baltic.leaf instance at 0x11415d950>,<baltic.leaf instance at 0x11416a710>,12.0105211367
<baltic.leaf instance at 0x11415d950>,<baltic.leaf instance at 0x11416a758>,12.0101490277
<baltic.leaf instance at 0x11415d950>,<baltic.leaf instance at 0x114186c20>,17.0339873831
<baltic.leaf instance at 0x11415d950>,<baltic.leaf instance at 0x11418c170>,17.0105677879
<baltic.leaf instance at 0x11415d950>,<baltic.leaf instance at 0x114197f38>,17.92306243
<baltic.leaf instance at 0x11415d950>,<baltic.leaf instance at 0x11419d200>,10.7384752952
<baltic.leaf instance at 0x11415d950>,<baltic.leaf instance at 0x1141a5758>,14.8106393805
<baltic.leaf instance at 0x11415d950>,<baltic.leaf instance at 0x1141b3b90>,17.5699365261
<baltic.leaf instance at 0x11415d950>,<baltic.leaf instance at 0x1141b3bd8>,17.5695521565
<baltic.leaf instance at 0x11415d950>,<baltic.leaf instance at 0x1141b68c0>,16.3952794742
<baltic.leaf instance at 0x11415d950>,<baltic.leaf instance at 0x1141d21b8>,19.0141638475
<baltic.leaf instance at 0x11415d950>,<baltic.leaf instance at 0x1141e9710>,17.3386631074
<baltic.leaf instance at 0x11415d950>,<baltic.leaf instance at 0x1142148c0>,14.6502444016
<baltic.leaf instance at 0x11415d950>,<baltic.leaf instance at 0x114221560>,19.0497162798
<baltic.leaf instance at 0x11415d950>,<baltic.leaf instance at 0x1142275f0>,20.2816997743
<baltic.leaf instance at 0x11415d950>,<baltic.leaf instance at 0x11422ad40>,16.6041939481
<baltic.leaf instance at 0x11415d950>,<baltic.leaf instance at 0x114237c68>,12.3529031902
<baltic.leaf instance at 0x11415d950>,<baltic.leaf instance at 0x11423f440>,14.2219757701
<baltic.leaf instance at 0x11415d950>,<baltic.leaf instance at 0x114271cf8>,15.0584011183
<baltic.leaf instance at 0x11415d950>,<baltic.leaf instance at 0x11428ddd0>,17.4229625957
<baltic.leaf instance at 0x11415d950>,<baltic.leaf instance at 0x1142903b0>,17.0367730422
<baltic.leaf instance at 0x11415d950>,<baltic.leaf instance at 0x114290518>,17.4435068763
<baltic.leaf instance at 0x11415da70>,<baltic.leaf instance at 0x114164758>,3.794570403
<baltic.leaf instance at 0x11415da70>,<baltic.leaf instance at 0x11416a710>,12.4283440734
<baltic.leaf instance at 0x11415da70>,<baltic.leaf instance at 0x11416a758>,12.4279719645
<baltic.leaf instance at 0x11415da70>,<baltic.leaf instance at 0x114186c20>,17.4518103199
<baltic.leaf instance at 0x11415da70>,<baltic.leaf instance at 0x11418c170>,17.4283907247
<baltic.leaf instance at 0x11415da70>,<baltic.leaf instance at 0x114197f38>,18.3408853668
<baltic.leaf instance at 0x11415da70>,<baltic.leaf instance at 0x11419d200>,11.156298232
<baltic.leaf instance at 0x11415da70>,<baltic.leaf instance at 0x1141a5758>,15.2284623173
<baltic.leaf instance at 0x11415da70>,<baltic.leaf instance at 0x1141b3b90>,17.9877594629
<baltic.leaf instance at 0x11415da70>,<baltic.leaf instance at 0x1141b3bd8>,17.9873750933
<baltic.leaf instance at 0x11415da70>,<baltic.leaf instance at 0x1141b68c0>,16.813102411
<baltic.leaf instance at 0x11415da70>,<baltic.leaf instance at 0x1141d21b8>,19.4319867843
<baltic.leaf instance at 0x11415da70>,<baltic.leaf instance at 0x1141e9710>,17.7564860442
<baltic.leaf instance at 0x11415da70>,<baltic.leaf instance at 0x1142148c0>,15.0680673384
<baltic.leaf instance at 0x11415da70>,<baltic.leaf instance at 0x114221560>,19.4675392166
<baltic.leaf instance at 0x11415da70>,<baltic.leaf instance at 0x1142275f0>,20.6995227111
<baltic.leaf instance at 0x11415da70>,<baltic.leaf instance at 0x11422ad40>,17.0220168849
<baltic.leaf instance at 0x11415da70>,<baltic.leaf instance at 0x114237c68>,12.7707261269
<baltic.leaf instance at 0x11415da70>,<baltic.leaf instance at 0x11423f440>,14.6397987069
<baltic.leaf instance at 0x11415da70>,<baltic.leaf instance at 0x114271cf8>,15.4762240551
<baltic.leaf instance at 0x11415da70>,<baltic.leaf instance at 0x11428ddd0>,17.8407855324
<baltic.leaf instance at 0x11415da70>,<baltic.leaf instance at 0x1142903b0>,17.454595979
<baltic.leaf instance at 0x11415da70>,<baltic.leaf instance at 0x114290518>,17.861329813
<baltic.leaf instance at 0x114164758>,<baltic.leaf instance at 0x11416a710>,15.3632592898
<baltic.leaf instance at 0x114164758>,<baltic.leaf instance at 0x11416a758>,15.3628871808
<baltic.leaf instance at 0x114164758>,<baltic.leaf instance at 0x114186c20>,20.3867255363
<baltic.leaf instance at 0x114164758>,<baltic.leaf instance at 0x11418c170>,20.3633059411
<baltic.leaf instance at 0x114164758>,<baltic.leaf instance at 0x114197f38>,21.2758005831
<baltic.leaf instance at 0x114164758>,<baltic.leaf instance at 0x11419d200>,14.0912134484
<baltic.leaf instance at 0x114164758>,<baltic.leaf instance at 0x1141a5758>,18.1633775337
<baltic.leaf instance at 0x114164758>,<baltic.leaf instance at 0x1141b3b90>,20.9226746793
<baltic.leaf instance at 0x114164758>,<baltic.leaf instance at 0x1141b3bd8>,20.9222903096
<baltic.leaf instance at 0x114164758>,<baltic.leaf instance at 0x1141b68c0>,19.7480176274
<baltic.leaf instance at 0x114164758>,<baltic.leaf instance at 0x1141d21b8>,22.3669020007
<baltic.leaf instance at 0x114164758>,<baltic.leaf instance at 0x1141e9710>,20.6914012606
<baltic.leaf instance at 0x114164758>,<baltic.leaf instance at 0x1142148c0>,18.0029825548
<baltic.leaf instance at 0x114164758>,<baltic.leaf instance at 0x114221560>,22.402454433
<baltic.leaf instance at 0x114164758>,<baltic.leaf instance at 0x1142275f0>,23.6344379275
<baltic.leaf instance at 0x114164758>,<baltic.leaf instance at 0x11422ad40>,19.9569321013
<baltic.leaf instance at 0x114164758>,<baltic.leaf instance at 0x114237c68>,15.7056413433
<baltic.leaf instance at 0x114164758>,<baltic.leaf instance at 0x11423f440>,17.5747139232
<baltic.leaf instance at 0x114164758>,<baltic.leaf instance at 0x114271cf8>,18.4111392715
<baltic.leaf instance at 0x114164758>,<baltic.leaf instance at 0x11428ddd0>,20.7757007488
<baltic.leaf instance at 0x114164758>,<baltic.leaf instance at 0x1142903b0>,20.3895111953
<baltic.leaf instance at 0x114164758>,<baltic.leaf instance at 0x114290518>,20.7962450294
<baltic.leaf instance at 0x11416a710>,<baltic.leaf instance at 0x11416a758>,0.845774913895
<baltic.leaf instance at 0x11416a710>,<baltic.leaf instance at 0x114186c20>,10.7618269695
<baltic.leaf instance at 0x11416a710>,<baltic.leaf instance at 0x11418c170>,10.7384073743
<baltic.leaf instance at 0x11416a710>,<baltic.leaf instance at 0x114197f38>,11.6509020163
<baltic.leaf instance at 0x11416a710>,<baltic.leaf instance at 0x11419d200>,5.24708729707
<baltic.leaf instance at 0x11416a710>,<baltic.leaf instance at 0x1141a5758>,9.31925138236
<baltic.leaf instance at 0x11416a710>,<baltic.leaf instance at 0x1141b3b90>,12.078548528
<baltic.leaf instance at 0x11416a710>,<baltic.leaf instance at 0x1141b3bd8>,12.0781641583
<baltic.leaf instance at 0x11416a710>,<baltic.leaf instance at 0x1141b68c0>,10.9038914761
<baltic.leaf instance at 0x11416a710>,<baltic.leaf instance at 0x1141d21b8>,13.5227758494
<baltic.leaf instance at 0x11416a710>,<baltic.leaf instance at 0x1141e9710>,11.8472751093
<baltic.leaf instance at 0x11416a710>,<baltic.leaf instance at 0x1142148c0>,9.1588564035
<baltic.leaf instance at 0x11416a710>,<baltic.leaf instance at 0x114221560>,13.5583282817
<baltic.leaf instance at 0x11416a710>,<baltic.leaf instance at 0x1142275f0>,14.7903117762
<baltic.leaf instance at 0x11416a710>,<baltic.leaf instance at 0x11422ad40>,11.11280595
<baltic.leaf instance at 0x11416a710>,<baltic.leaf instance at 0x114237c68>,6.86151519201
<baltic.leaf instance at 0x11416a710>,<baltic.leaf instance at 0x11423f440>,8.73058777192
<baltic.leaf instance at 0x11416a710>,<baltic.leaf instance at 0x114271cf8>,9.56701312015
<baltic.leaf instance at 0x11416a710>,<baltic.leaf instance at 0x11428ddd0>,11.9315745975
<baltic.leaf instance at 0x11416a710>,<baltic.leaf instance at 0x1142903b0>,11.545385044
<baltic.leaf instance at 0x11416a710>,<baltic.leaf instance at 0x114290518>,11.9521188781
<baltic.leaf instance at 0x11416a758>,<baltic.leaf instance at 0x114186c20>,10.7614548605
<baltic.leaf instance at 0x11416a758>,<baltic.leaf instance at 0x11418c170>,10.7380352653
<baltic.leaf instance at 0x11416a758>,<baltic.leaf instance at 0x114197f38>,11.6505299074
<baltic.leaf instance at 0x11416a758>,<baltic.leaf instance at 0x11419d200>,5.24671518809
<baltic.leaf instance at 0x11416a758>,<baltic.leaf instance at 0x1141a5758>,9.31887927338
<baltic.leaf instance at 0x11416a758>,<baltic.leaf instance at 0x1141b3b90>,12.078176419
<baltic.leaf instance at 0x11416a758>,<baltic.leaf instance at 0x1141b3bd8>,12.0777920494
<baltic.leaf instance at 0x11416a758>,<baltic.leaf instance at 0x1141b68c0>,10.9035193671
<baltic.leaf instance at 0x11416a758>,<baltic.leaf instance at 0x1141d21b8>,13.5224037404
<baltic.leaf instance at 0x11416a758>,<baltic.leaf instance at 0x1141e9710>,11.8469030003
<baltic.leaf instance at 0x11416a758>,<baltic.leaf instance at 0x1142148c0>,9.15848429452
<baltic.leaf instance at 0x11416a758>,<baltic.leaf instance at 0x114221560>,13.5579561727
<baltic.leaf instance at 0x11416a758>,<baltic.leaf instance at 0x1142275f0>,14.7899396672
<baltic.leaf instance at 0x11416a758>,<baltic.leaf instance at 0x11422ad40>,11.112433841
<baltic.leaf instance at 0x11416a758>,<baltic.leaf instance at 0x114237c68>,6.86114308303
<baltic.leaf instance at 0x11416a758>,<baltic.leaf instance at 0x11423f440>,8.73021566294
<baltic.leaf instance at 0x11416a758>,<baltic.leaf instance at 0x114271cf8>,9.56664101117
<baltic.leaf instance at 0x11416a758>,<baltic.leaf instance at 0x11428ddd0>,11.9312024885
<baltic.leaf instance at 0x11416a758>,<baltic.leaf instance at 0x1142903b0>,11.545012935
<baltic.leaf instance at 0x11416a758>,<baltic.leaf instance at 0x114290518>,11.9517467691
<baltic.leaf instance at 0x114186c20>,<baltic.leaf instance at 0x11418c170>,5.95310281635
<baltic.leaf instance at 0x114186c20>,<baltic.leaf instance at 0x114197f38>,11.0211858844
<baltic.leaf instance at 0x114186c20>,<baltic.leaf instance at 0x11419d200>,10.2705535435
<baltic.leaf instance at 0x114186c20>,<baltic.leaf instance at 0x1141a5758>,14.3427176288
<baltic.leaf instance at 0x114186c20>,<baltic.leaf instance at 0x1141b3b90>,17.1020147744
<baltic.leaf instance at 0x114186c20>,<baltic.leaf instance at 0x1141b3bd8>,17.1016304048
<baltic.leaf instance at 0x114186c20>,<baltic.leaf instance at 0x1141b68c0>,15.9273577226
<baltic.leaf instance at 0x114186c20>,<baltic.leaf instance at 0x1141d21b8>,18.5462420958
<baltic.leaf instance at 0x114186c20>,<baltic.leaf instance at 0x1141e9710>,16.8707413557
<baltic.leaf instance at 0x114186c20>,<baltic.leaf instance at 0x1142148c0>,14.18232265
<baltic.leaf instance at 0x114186c20>,<baltic.leaf instance at 0x114221560>,18.5817945281
<baltic.leaf instance at 0x114186c20>,<baltic.leaf instance at 0x1142275f0>,19.8137780226
<baltic.leaf instance at 0x114186c20>,<baltic.leaf instance at 0x11422ad40>,16.1362721964
<baltic.leaf instance at 0x114186c20>,<baltic.leaf instance at 0x114237c68>,11.8849814385
<baltic.leaf instance at 0x114186c20>,<baltic.leaf instance at 0x11423f440>,13.7540540184
<baltic.leaf instance at 0x114186c20>,<baltic.leaf instance at 0x114271cf8>,14.5904793666
<baltic.leaf instance at 0x114186c20>,<baltic.leaf instance at 0x11428ddd0>,16.955040844
<baltic.leaf instance at 0x114186c20>,<baltic.leaf instance at 0x1142903b0>,16.5688512905
<baltic.leaf instance at 0x114186c20>,<baltic.leaf instance at 0x114290518>,16.9755851246
<baltic.leaf instance at 0x11418c170>,<baltic.leaf instance at 0x114197f38>,10.9977662892
<baltic.leaf instance at 0x11418c170>,<baltic.leaf instance at 0x11419d200>,10.2471339483
<baltic.leaf instance at 0x11418c170>,<baltic.leaf instance at 0x1141a5758>,14.3192980336
<baltic.leaf instance at 0x11418c170>,<baltic.leaf instance at 0x1141b3b90>,17.0785951793
<baltic.leaf instance at 0x11418c170>,<baltic.leaf instance at 0x1141b3bd8>,17.0782108096
<baltic.leaf instance at 0x11418c170>,<baltic.leaf instance at 0x1141b68c0>,15.9039381274
<baltic.leaf instance at 0x11418c170>,<baltic.leaf instance at 0x1141d21b8>,18.5228225006
<baltic.leaf instance at 0x11418c170>,<baltic.leaf instance at 0x1141e9710>,16.8473217606
<baltic.leaf instance at 0x11418c170>,<baltic.leaf instance at 0x1142148c0>,14.1589030548
<baltic.leaf instance at 0x11418c170>,<baltic.leaf instance at 0x114221560>,18.5583749329
<baltic.leaf instance at 0x11418c170>,<baltic.leaf instance at 0x1142275f0>,19.7903584274
<baltic.leaf instance at 0x11418c170>,<baltic.leaf instance at 0x11422ad40>,16.1128526013
<baltic.leaf instance at 0x11418c170>,<baltic.leaf instance at 0x114237c68>,11.8615618433
<baltic.leaf instance at 0x11418c170>,<baltic.leaf instance at 0x11423f440>,13.7306344232
<baltic.leaf instance at 0x11418c170>,<baltic.leaf instance at 0x114271cf8>,14.5670597714
<baltic.leaf instance at 0x11418c170>,<baltic.leaf instance at 0x11428ddd0>,16.9316212488
<baltic.leaf instance at 0x11418c170>,<baltic.leaf instance at 0x1142903b0>,16.5454316953
<baltic.leaf instance at 0x11418c170>,<baltic.leaf instance at 0x114290518>,16.9521655294
<baltic.leaf instance at 0x114197f38>,<baltic.leaf instance at 0x11419d200>,11.1596285904
<baltic.leaf instance at 0x114197f38>,<baltic.leaf instance at 0x1141a5758>,15.2317926757
<baltic.leaf instance at 0x114197f38>,<baltic.leaf instance at 0x1141b3b90>,17.9910898213
<baltic.leaf instance at 0x114197f38>,<baltic.leaf instance at 0x1141b3bd8>,17.9907054517
<baltic.leaf instance at 0x114197f38>,<baltic.leaf instance at 0x1141b68c0>,16.8164327694
<baltic.leaf instance at 0x114197f38>,<baltic.leaf instance at 0x1141d21b8>,19.4353171427
<baltic.leaf instance at 0x114197f38>,<baltic.leaf instance at 0x1141e9710>,17.7598164026
<baltic.leaf instance at 0x114197f38>,<baltic.leaf instance at 0x1142148c0>,15.0713976968
<baltic.leaf instance at 0x114197f38>,<baltic.leaf instance at 0x114221560>,19.470869575
<baltic.leaf instance at 0x114197f38>,<baltic.leaf instance at 0x1142275f0>,20.7028530695
<baltic.leaf instance at 0x114197f38>,<baltic.leaf instance at 0x11422ad40>,17.0253472433
<baltic.leaf instance at 0x114197f38>,<baltic.leaf instance at 0x114237c68>,12.7740564853
<baltic.leaf instance at 0x114197f38>,<baltic.leaf instance at 0x11423f440>,14.6431290653
<baltic.leaf instance at 0x114197f38>,<baltic.leaf instance at 0x114271cf8>,15.4795544135
<baltic.leaf instance at 0x114197f38>,<baltic.leaf instance at 0x11428ddd0>,17.8441158908
<baltic.leaf instance at 0x114197f38>,<baltic.leaf instance at 0x1142903b0>,17.4579263374
<baltic.leaf instance at 0x114197f38>,<baltic.leaf instance at 0x114290518>,17.8646601714
<baltic.leaf instance at 0x11419d200>,<baltic.leaf instance at 0x1141a5758>,4.77460391094
<baltic.leaf instance at 0x11419d200>,<baltic.leaf instance at 0x1141b3b90>,7.53390105656
<baltic.leaf instance at 0x11419d200>,<baltic.leaf instance at 0x1141b3bd8>,7.53351668691
<baltic.leaf instance at 0x11419d200>,<baltic.leaf instance at 0x1141b68c0>,6.35924400467
<baltic.leaf instance at 0x11419d200>,<baltic.leaf instance at 0x1141d21b8>,8.97812837793
<baltic.leaf instance at 0x11419d200>,<baltic.leaf instance at 0x1141e9710>,7.30262763786
<baltic.leaf instance at 0x11419d200>,<baltic.leaf instance at 0x1142148c0>,5.29190158508
<baltic.leaf instance at 0x11419d200>,<baltic.leaf instance at 0x114221560>,9.69137346326
<baltic.leaf instance at 0x11419d200>,<baltic.leaf instance at 0x1142275f0>,10.9233569578
<baltic.leaf instance at 0x11419d200>,<baltic.leaf instance at 0x11422ad40>,7.24585113156
<baltic.leaf instance at 0x11419d200>,<baltic.leaf instance at 0x114237c68>,2.9945603736
<baltic.leaf instance at 0x11419d200>,<baltic.leaf instance at 0x11423f440>,4.8636329535
<baltic.leaf instance at 0x11419d200>,<baltic.leaf instance at 0x114271cf8>,5.70005830174
<baltic.leaf instance at 0x11419d200>,<baltic.leaf instance at 0x11428ddd0>,8.0646197791
<baltic.leaf instance at 0x11419d200>,<baltic.leaf instance at 0x1142903b0>,7.67843022561
<baltic.leaf instance at 0x11419d200>,<baltic.leaf instance at 0x114290518>,8.08516405969
<baltic.leaf instance at 0x1141a5758>,<baltic.leaf instance at 0x1141b3b90>,10.9235663246
<baltic.leaf instance at 0x1141a5758>,<baltic.leaf instance at 0x1141b3bd8>,10.923181955
<baltic.leaf instance at 0x1141a5758>,<baltic.leaf instance at 0x1141b68c0>,9.74890927272
<baltic.leaf instance at 0x1141a5758>,<baltic.leaf instance at 0x1141d21b8>,12.367793646
<baltic.leaf instance at 0x1141a5758>,<baltic.leaf instance at 0x1141e9710>,10.6922929059
<baltic.leaf instance at 0x1141a5758>,<baltic.leaf instance at 0x1142148c0>,9.36406567037
<baltic.leaf instance at 0x1141a5758>,<baltic.leaf instance at 0x114221560>,13.7635375485
<baltic.leaf instance at 0x1141a5758>,<baltic.leaf instance at 0x1142275f0>,14.995521043
<baltic.leaf instance at 0x1141a5758>,<baltic.leaf instance at 0x11422ad40>,11.3180152169
<baltic.leaf instance at 0x1141a5758>,<baltic.leaf instance at 0x114237c68>,7.06672445888
<baltic.leaf instance at 0x1141a5758>,<baltic.leaf instance at 0x11423f440>,8.93579703879
<baltic.leaf instance at 0x1141a5758>,<baltic.leaf instance at 0x114271cf8>,9.77222238702
<baltic.leaf instance at 0x1141a5758>,<baltic.leaf instance at 0x11428ddd0>,12.1367838644
<baltic.leaf instance at 0x1141a5758>,<baltic.leaf instance at 0x1142903b0>,11.7505943109
<baltic.leaf instance at 0x1141a5758>,<baltic.leaf instance at 0x114290518>,12.157328145
<baltic.leaf instance at 0x1141b3b90>,<baltic.leaf instance at 0x1141b3bd8>,0.810851996944
<baltic.leaf instance at 0x1141b3b90>,<baltic.leaf instance at 0x1141b68c0>,5.12871113564
<baltic.leaf instance at 0x1141b3b90>,<baltic.leaf instance at 0x1141d21b8>,13.7339388377
<baltic.leaf instance at 0x1141b3b90>,<baltic.leaf instance at 0x1141e9710>,12.0584380976
<baltic.leaf instance at 0x1141b3b90>,<baltic.leaf instance at 0x1142148c0>,12.123362816
<baltic.leaf instance at 0x1141b3b90>,<baltic.leaf instance at 0x114221560>,16.5228346942
<baltic.leaf instance at 0x1141b3b90>,<baltic.leaf instance at 0x1142275f0>,17.7548181887
<baltic.leaf instance at 0x1141b3b90>,<baltic.leaf instance at 0x11422ad40>,14.0773123625
<baltic.leaf instance at 0x1141b3b90>,<baltic.leaf instance at 0x114237c68>,9.82602160451
<baltic.leaf instance at 0x1141b3b90>,<baltic.leaf instance at 0x11423f440>,11.6950941844
<baltic.leaf instance at 0x1141b3b90>,<baltic.leaf instance at 0x114271cf8>,12.5315195327
<baltic.leaf instance at 0x1141b3b90>,<baltic.leaf instance at 0x11428ddd0>,14.89608101
<baltic.leaf instance at 0x1141b3b90>,<baltic.leaf instance at 0x1142903b0>,14.5098914565
<baltic.leaf instance at 0x1141b3b90>,<baltic.leaf instance at 0x114290518>,14.9166252906
<baltic.leaf instance at 0x1141b3bd8>,<baltic.leaf instance at 0x1141b68c0>,5.12832676599
<baltic.leaf instance at 0x1141b3bd8>,<baltic.leaf instance at 0x1141d21b8>,13.733554468
<baltic.leaf instance at 0x1141b3bd8>,<baltic.leaf instance at 0x1141e9710>,12.0580537279
<baltic.leaf instance at 0x1141b3bd8>,<baltic.leaf instance at 0x1142148c0>,12.1229784463
<baltic.leaf instance at 0x1141b3bd8>,<baltic.leaf instance at 0x114221560>,16.5224503245
<baltic.leaf instance at 0x1141b3bd8>,<baltic.leaf instance at 0x1142275f0>,17.754433819
<baltic.leaf instance at 0x1141b3bd8>,<baltic.leaf instance at 0x11422ad40>,14.0769279928
<baltic.leaf instance at 0x1141b3bd8>,<baltic.leaf instance at 0x114237c68>,9.82563723486
<baltic.leaf instance at 0x1141b3bd8>,<baltic.leaf instance at 0x11423f440>,11.6947098148
<baltic.leaf instance at 0x1141b3bd8>,<baltic.leaf instance at 0x114271cf8>,12.531135163
<baltic.leaf instance at 0x1141b3bd8>,<baltic.leaf instance at 0x11428ddd0>,14.8956966404
<baltic.leaf instance at 0x1141b3bd8>,<baltic.leaf instance at 0x1142903b0>,14.5095070869
<baltic.leaf instance at 0x1141b3bd8>,<baltic.leaf instance at 0x114290518>,14.916240921
<baltic.leaf instance at 0x1141b68c0>,<baltic.leaf instance at 0x1141d21b8>,12.5592817858
<baltic.leaf instance at 0x1141b68c0>,<baltic.leaf instance at 0x1141e9710>,10.8837810457
<baltic.leaf instance at 0x1141b68c0>,<baltic.leaf instance at 0x1142148c0>,10.9487057641
<baltic.leaf instance at 0x1141b68c0>,<baltic.leaf instance at 0x114221560>,15.3481776423
<baltic.leaf instance at 0x1141b68c0>,<baltic.leaf instance at 0x1142275f0>,16.5801611368
<baltic.leaf instance at 0x1141b68c0>,<baltic.leaf instance at 0x11422ad40>,12.9026553106
<baltic.leaf instance at 0x1141b68c0>,<baltic.leaf instance at 0x114237c68>,8.65136455262
<baltic.leaf instance at 0x1141b68c0>,<baltic.leaf instance at 0x11423f440>,10.5204371325
<baltic.leaf instance at 0x1141b68c0>,<baltic.leaf instance at 0x114271cf8>,11.3568624808
<baltic.leaf instance at 0x1141b68c0>,<baltic.leaf instance at 0x11428ddd0>,13.7214239581
<baltic.leaf instance at 0x1141b68c0>,<baltic.leaf instance at 0x1142903b0>,13.3352344046
<baltic.leaf instance at 0x1141b68c0>,<baltic.leaf instance at 0x114290518>,13.7419682387
<baltic.leaf instance at 0x1141d21b8>,<baltic.leaf instance at 0x1141e9710>,7.37648320365
<baltic.leaf instance at 0x1141d21b8>,<baltic.leaf instance at 0x1142148c0>,13.5675901374
<baltic.leaf instance at 0x1141d21b8>,<baltic.leaf instance at 0x114221560>,17.9670620155
<baltic.leaf instance at 0x1141d21b8>,<baltic.leaf instance at 0x1142275f0>,19.19904551
<baltic.leaf instance at 0x1141d21b8>,<baltic.leaf instance at 0x11422ad40>,15.5215396838
<baltic.leaf instance at 0x1141d21b8>,<baltic.leaf instance at 0x114237c68>,11.2702489259
<baltic.leaf instance at 0x1141d21b8>,<baltic.leaf instance at 0x11423f440>,13.1393215058
<baltic.leaf instance at 0x1141d21b8>,<baltic.leaf instance at 0x114271cf8>,13.975746854
<baltic.leaf instance at 0x1141d21b8>,<baltic.leaf instance at 0x11428ddd0>,16.3403083314
<baltic.leaf instance at 0x1141d21b8>,<baltic.leaf instance at 0x1142903b0>,15.9541187779
<baltic.leaf instance at 0x1141d21b8>,<baltic.leaf instance at 0x114290518>,16.360852612
<baltic.leaf instance at 0x1141e9710>,<baltic.leaf instance at 0x1142148c0>,11.8920893973
<baltic.leaf instance at 0x1141e9710>,<baltic.leaf instance at 0x114221560>,16.2915612755
<baltic.leaf instance at 0x1141e9710>,<baltic.leaf instance at 0x1142275f0>,17.52354477
<baltic.leaf instance at 0x1141e9710>,<baltic.leaf instance at 0x11422ad40>,13.8460389438
<baltic.leaf instance at 0x1141e9710>,<baltic.leaf instance at 0x114237c68>,9.59474818581
<baltic.leaf instance at 0x1141e9710>,<baltic.leaf instance at 0x11423f440>,11.4638207657
<baltic.leaf instance at 0x1141e9710>,<baltic.leaf instance at 0x114271cf8>,12.3002461139
<baltic.leaf instance at 0x1141e9710>,<baltic.leaf instance at 0x11428ddd0>,14.6648075913
<baltic.leaf instance at 0x1141e9710>,<baltic.leaf instance at 0x1142903b0>,14.2786180378
<baltic.leaf instance at 0x1141e9710>,<baltic.leaf instance at 0x114290518>,14.6853518719
<baltic.leaf instance at 0x1142148c0>,<baltic.leaf instance at 0x114221560>,5.17926839341
<baltic.leaf instance at 0x1142148c0>,<baltic.leaf instance at 0x1142275f0>,6.4112518879
<baltic.leaf instance at 0x1142148c0>,<baltic.leaf instance at 0x11422ad40>,2.73374606171
<baltic.leaf instance at 0x1142148c0>,<baltic.leaf instance at 0x114237c68>,5.1626282159
<baltic.leaf instance at 0x1142148c0>,<baltic.leaf instance at 0x11423f440>,7.03170079581
<baltic.leaf instance at 0x1142148c0>,<baltic.leaf instance at 0x114271cf8>,7.86812614404
<baltic.leaf instance at 0x1142148c0>,<baltic.leaf instance at 0x11428ddd0>,10.2326876214
<baltic.leaf instance at 0x1142148c0>,<baltic.leaf instance at 0x1142903b0>,9.84649806791
<baltic.leaf instance at 0x1142148c0>,<baltic.leaf instance at 0x114290518>,10.253231902
<baltic.leaf instance at 0x114221560>,<baltic.leaf instance at 0x1142275f0>,4.48521258594
<baltic.leaf instance at 0x114221560>,<baltic.leaf instance at 0x11422ad40>,4.79635573694
<baltic.leaf instance at 0x114221560>,<baltic.leaf instance at 0x114237c68>,9.56210009408
<baltic.leaf instance at 0x114221560>,<baltic.leaf instance at 0x11423f440>,11.431172674
<baltic.leaf instance at 0x114221560>,<baltic.leaf instance at 0x114271cf8>,12.2675980222
<baltic.leaf instance at 0x114221560>,<baltic.leaf instance at 0x11428ddd0>,14.6321594996
<baltic.leaf instance at 0x114221560>,<baltic.leaf instance at 0x1142903b0>,14.2459699461
<baltic.leaf instance at 0x114221560>,<baltic.leaf instance at 0x114290518>,14.6527037802
<baltic.leaf instance at 0x1142275f0>,<baltic.leaf instance at 0x11422ad40>,6.02833923143
<baltic.leaf instance at 0x1142275f0>,<baltic.leaf instance at 0x114237c68>,10.7940835886
<baltic.leaf instance at 0x1142275f0>,<baltic.leaf instance at 0x11423f440>,12.6631561685
<baltic.leaf instance at 0x1142275f0>,<baltic.leaf instance at 0x114271cf8>,13.4995815167
<baltic.leaf instance at 0x1142275f0>,<baltic.leaf instance at 0x11428ddd0>,15.8641429941
<baltic.leaf instance at 0x1142275f0>,<baltic.leaf instance at 0x1142903b0>,15.4779534406
<baltic.leaf instance at 0x1142275f0>,<baltic.leaf instance at 0x114290518>,15.8846872747
<baltic.leaf instance at 0x11422ad40>,<baltic.leaf instance at 0x114237c68>,7.11657776238
<baltic.leaf instance at 0x11422ad40>,<baltic.leaf instance at 0x11423f440>,8.98565034229
<baltic.leaf instance at 0x11422ad40>,<baltic.leaf instance at 0x114271cf8>,9.82207569052
<baltic.leaf instance at 0x11422ad40>,<baltic.leaf instance at 0x11428ddd0>,12.1866371679
<baltic.leaf instance at 0x11422ad40>,<baltic.leaf instance at 0x1142903b0>,11.8004476144
<baltic.leaf instance at 0x11422ad40>,<baltic.leaf instance at 0x114290518>,12.2071814485
<baltic.leaf instance at 0x114237c68>,<baltic.leaf instance at 0x11423f440>,4.06681360603
<baltic.leaf instance at 0x114237c68>,<baltic.leaf instance at 0x114271cf8>,4.90323895426
<baltic.leaf instance at 0x114237c68>,<baltic.leaf instance at 0x11428ddd0>,7.26780043162
<baltic.leaf instance at 0x114237c68>,<baltic.leaf instance at 0x1142903b0>,6.88161087814
<baltic.leaf instance at 0x114237c68>,<baltic.leaf instance at 0x114290518>,7.28834471222
<baltic.leaf instance at 0x11423f440>,<baltic.leaf instance at 0x114271cf8>,6.09824802749
<baltic.leaf instance at 0x11423f440>,<baltic.leaf instance at 0x11428ddd0>,8.46280950484
<baltic.leaf instance at 0x11423f440>,<baltic.leaf instance at 0x1142903b0>,8.07661995136
<baltic.leaf instance at 0x11423f440>,<baltic.leaf instance at 0x114290518>,8.48335378544
<baltic.leaf instance at 0x114271cf8>,<baltic.leaf instance at 0x11428ddd0>,5.56840935178
<baltic.leaf instance at 0x114271cf8>,<baltic.leaf instance at 0x1142903b0>,5.1822197983
<baltic.leaf instance at 0x114271cf8>,<baltic.leaf instance at 0x114290518>,5.58895363238
<baltic.leaf instance at 0x11428ddd0>,<baltic.leaf instance at 0x1142903b0>,3.6096929991
<baltic.leaf instance at 0x11428ddd0>,<baltic.leaf instance at 0x114290518>,4.01642683319
<baltic.leaf instance at 0x1142903b0>,<baltic.leaf instance at 0x114290518>,1.21870026034
